reduced_separation,g_ij,component_pair
1.0129766250803465,2.1280390355933854,g11
1.0294912908160836,2.0921366374483528,g11
1.0411338367325313,2.041827100767325,g11
1.0731666934894266,1.963600996254392,g11
1.0857560661434904,1.9117426125613002,g11
1.099636501118159,1.8368236177996955,g11
1.1302969722518814,1.768603023516237,g11
1.137776050258582,1.7216822894543764,g11
1.1559355421722854,1.6619303842419697,g11
1.1825883052748678,1.5999571730768878,g11
1.2007270130169025,1.5590147875190539,g11
1.2299089029615462,1.4566554048219538,g11
1.2147896982604907,1.513353035928044,g11
1.2652348616068532,1.3967669464073484,g11
1.2957138321865613,1.3348431784071049,g11
1.3304573850214172,1.272475187494905,g11
1.3622498917503678,1.2153772637757267,g11
1.3901191083863005,1.1682359175022414,g11
1.4278603038404978,1.1113590525781127,g11
1.4773997066644153,1.061970498513341,g11
1.5061106125073807,1.0219932435331418,g11
1.5423658545057954,0.9828915951034034,g11
1.5919392532478216,0.959876253771299,g11
1.6256873061630641,0.9394726652164769,g11
1.670255143679037,0.9286115475442425,g11
1.7227754957016164,0.9148432645761004,g11
1.7753505451375358,0.9098557396960683,g11
1.8279749180575184,0.912786278124444,g11
1.880633321166244,0.9211797961855885,g11
1.9353316599845318,0.9371632866327593,g11
1.9840806427350268,0.9577399368974526,g11
2.0388204724016052,0.9803840915234128,g11
2.091513129260542,0.9942764782852436,g11
2.144203445299386,1.007793085394737,g11
2.1968272827990427,1.0106376710133897,g11
2.249425634291165,1.009390902889185,g11
2.3020268376010256,1.0086019465725609,g11
2.354601337526609,1.00352620696676,g11
2.4071689051679686,0.997337604666638,g11
2.4597435741736557,0.9922890080533819,g11
2.512298047500366,0.9839983317751004,g11
2.56490508595245,0.9841461102900646,g11
2.6174891107238407,0.9805994259309307,g11
2.670070852913838,0.9766863111724478,g11
2.72264019589628,0.9707827102940434,g11
2.7752473395537613,0.9709473777821453,g11
2.8278693960763315,0.9735060572126639,g11
2.880492083831288,0.9761660704820141,g11
2.9331112209040793,0.9782560809079319,g11
2.9857295689363905,0.9802194240353095,g11
3.038335923553391,0.980257424224872,g11
3.090945129988129,0.9807532362220166,g11
3.1435633878443854,0.9827021030867034,g11
3.19616169424848,0.9814480968311527,g11
3.248781955703957,0.9837186081574907,g11
3.3013968122321398,0.9851214484888264,g11
3.3539884117921472,0.9827907701956824,g11
3.4065807722126173,0.9805822353689861,g11
3.4591570023912563,0.9757842590535564,g11
3.511742278355409,0.9724384328392519,g11
3.564347212699543,0.9722484318914408,g11
3.6169850613037404,0.977342266825604,g11
3.6696143431827153,0.9810608568041861,g11
3.7222313949342354,0.9828161036553897,g11
3.774841908921772,0.9835218214615438,g11
3.827437712940341,0.9818660989163361,g11
3.8800509322095253,0.9830061046032004,g11
3.93265468299294,0.9826261027075791,g11
3.9872489692113042,0.9819056824471302,g11
4.040541463978484,0.9801313506792932,g11
4.087516494438492,0.9804520534008985,g11
4.143057850519378,0.979206085646986,g11
4.195669333899505,0.9800674232770614,g11
4.248283984713563,0.9814372396341349,g11
4.300884725871141,0.9805740924712234,g11
4.353487619982032,0.9800565660800431,g11
4.406080324198712,0.9779032220048554,g11
4.458651386162201,0.9722755748839851,g11
4.511290023806879,0.9774960771166894,g11
4.56391744580472,0.9809160941772825,g11
4.616526167543164,0.9813340962624659,g11
4.66914069060781,0.9826834045807282,g11
4.721788980847704,0.989453470098911,g11
4.774412311107052,0.9922166267399302,g11
4.827035923166571,0.9950250217018564,g11
4.879642289055578,0.9950648314242554,g11
4.932250063945444,0.9953308327511903,g11
4.982461759606835,0.9948114968271735,g11
1.5148424961130338,2.4664033192747903,g12
1.516796576781877,2.3962331544194306,g12
1.5240520505792847,2.3134164912924273,g12
1.5671939370500352,2.1952000277656722,g12
1.5888630959583756,2.0654890045178975,g12
1.621833270810592,1.9841875989496849,g12
1.628731042968971,1.9399142114273207,g12
1.6448520276651484,1.840812883731706,g12
1.6779147471027727,1.774367968941061,g12
1.6852614728682018,1.725393550824971,g12
1.7293394530125268,1.5847119633272464,g12
1.7385935085791242,1.5348353573773017,g12
1.7597093693824812,1.469847644300283,g12
1.785725391846286,1.4237687199933067,g12
1.790243043119917,1.3812718413329725,g12
1.827709062139472,1.3307458392864038,g12
1.8374548857768163,1.2830413513148238,g12
1.8753188573629338,1.21962695164176,g12
1.9056408666920983,1.1561281477014957,g12
1.9489016589404173,1.0732404778100224,g12
1.9393336721297005,1.1317768467390041,g12
1.9749192712449222,1.0224954265938133,g12
2.017827846935993,0.9798517956582029,g12
2.0608203948251544,0.9613514251512858,g12
2.0805595302826925,0.9248658145731166,g12
2.1292241542731016,0.9063090553369348,g12
2.181659839434075,0.8789489188521893,g12
2.2342434696852234,0.8753389008437851,g12
2.2872618941180596,0.8775503007641383,g12
2.3587665441434167,0.9044502127308531,g12
2.411427638443782,0.9132757567566618,g12
2.4618108478345153,0.9402900915163914,g12
2.514776532902763,0.9684845107953968,g12
2.5604289908108155,0.9821321002432715,g12
2.61766155552095,1.0082825640269548,g12
2.6631245491298783,1.0131687550681545,g12
2.7229613353720223,1.0223363008000224,g12
2.775985329115585,1.0126462524616748,g12
2.828041012380937,1.00105619464522,g12
2.8806537244098127,1.0021147713544512,g12
2.933209693156101,0.9940641597657853,g12
2.985827409956027,0.9959261690543304,g12
3.038405911444051,0.9914928136054133,g12
3.0910088731869827,0.9909861444112513,g12
3.143595011459661,0.9877787474589228,g12
3.1961703736937706,0.9828414371150984,g12
3.2487660537202645,0.9811658097086906,g12
3.301387659362561,0.983652107825757,g12
3.3540208920799444,0.9880049390634591,g12
3.406663886355277,0.9939248257373907,g12
3.459286021781897,0.9964961718977627,g12
3.5119186204488937,1.0007472169134237,g12
3.5689726129107253,0.9950320053676469,g12
3.6170771535998734,0.992126150098116,g12
3.6696663071343885,0.989402803179495,g12
3.7222771592821307,0.990162806970738,g12
3.774887222389392,0.9907961434634407,g12
3.8274799266060713,0.988642799388253,g12
3.8800959075169397,0.9902261406200084,g12
3.9326988692598723,0.9897194714258464,g12
3.9852990693611208,0.9887694666867932,g12
4.037869962244507,0.9831146765733783,g12
4.090480927112317,0.9838927756929841,g12
4.143083888855249,0.9833861064988221,g12
4.1956920920813765,0.9837208700735358,g12
4.248301366148157,0.9842275392676982,g12
4.300903820650779,0.9836394410959026,g12
4.353512023876907,0.9839742046706172,g12
4.40611321591476,0.9831834388211576,g12
4.458719728339857,0.9832467724704275,g12
4.511319612824915,0.9822461008119578,g12
4.563932832094098,0.9833861064988221,g12
4.616532085346771,0.98228410100152,g12
4.6691332322965975,0.9814860970207144,g12
4.721741717322896,0.9818660989163361,g12
4.774382581188931,0.9874439838842086,g12
4.82702190924403,0.992775320003136,g12
4.879658498201458,0.9976669396428437,g12
4.932306046367567,1.0043178775826371,g12
4.982540258989882,1.0074132644523996,g12
2.0110649477318594,3.050406417731783,g22
2.011882985450475,2.9897961153801593,g22
2.0242811418934883,2.8339577903690056,g22
2.023757822771011,2.7848444679885693,g22
2.0128832915201897,2.9584459589913883,g22
2.014922961163423,2.902015677491601,g22
2.0285635065291343,2.733748511568198,g22
2.0429322544025137,2.6641028240079283,g22
2.0526980769283814,2.6324043325481714,g22
2.059764591968948,2.551242261008353,g22
2.077059357981243,2.5126168778512676,g22
2.0814548150643937,2.4505037584791025,g22
2.0907075377161792,2.4004131752712663,g22
2.0982658879898652,2.334229511783861,g22
2.1091600384034788,2.2917326331235275,g22
2.11600812073757,2.239482372475576,g22
2.1323722504497296,2.17941392467882,g22
2.132048444160298,2.1274322216819685,g22
2.153173505470881,2.063921496698459,g22
2.1647692443787987,2.006097874914726,g22
2.1763367750895224,1.9437458972081705,g22
2.1879954399757953,1.8960239924830413,g22
2.201938968834754,1.8312336692795814,g22
2.21356725566251,1.7786350735606438,g22
2.2252215808261377,1.730216498693542,g22
2.239191148020968,1.6696061963419182,g22
2.2508628320751765,1.6239743020427073,g22
2.262530176406739,1.5776457376015234,g22
2.2765474805506667,1.5246988068115996,g22
2.2906194651999225,1.480529919810531,g22
2.30469926134994,1.4376150390650135,g22
2.321120771839297,1.3867581187010076,g22
2.3384084909686313,1.3214104593839697,g22
2.362021762271782,1.2564144526147842,g22
2.391629330586176,1.1897746360582304,g22
2.4081191917071942,1.1498902704302942,g22
2.434791970919421,1.0812876133943732,g22
2.486135625620328,1.006575269795913,g22
2.522583541756595,0.9642201644851989,g22
2.55898397444491,0.9194532234700983,g22
2.607201995453564,0.864635514117114,g22
2.659645965539587,0.8386053842670438,g22
2.7121767300785127,0.8265086572564266,g22
2.764777719220243,0.8256853198159138,g22
2.81746786993632,0.8391753871104757,g22
2.8702243000527954,0.8633055074824387,g22
2.9230592396971247,0.9000390240591809,g22
2.966343171207855,0.9389783611633629,g22
3.012610008260748,0.9769419076855748,g22
3.0603776970597822,0.9999320223706736,g22
3.113919386838229,1.0221674110686352,g22
3.1678263037292913,1.0390563842073668,g22
3.2204310013612814,1.0388283830699936,g22
3.27298527930654,1.0305063415558835,g22
3.325516469363725,1.0184779244098374,g22
3.3773661557641823,0.9994095197641939,g22
3.4305065001019974,0.9828066036079992,g22
3.4830491274888216,0.9726142591131777,g22
3.535628134338485,0.9682620310530883,g22
3.588246876891037,0.9702887078297358,g22
3.640858044654971,0.9710993785403943,g22
3.6935063762255576,0.9778760790123107,g22
3.746095924280314,0.9752160657429605,g22
3.798694940820841,0.9740760600560958,g22
3.851297508043533,0.9735060572126639,g22
3.9039107273127183,0.9746460628995282,g22
3.956541699992724,0.9786360828035536,g22
4.00915610282263,0.9799660894382285,g22
4.061765613601555,0.9805107588219526,g22
4.114363604389457,0.979206085646986,g22
4.166969722294313,0.979206085646986,g22
4.219586582421718,0.9809305704399729,g22
4.272195450696249,0.9813720964520285,g22
4.32479517737321,0.9803460913338502,g22
4.3774008443977905,0.9802737100203984,g22
4.43002611344232,0.98334810630926,g22
4.482630179841927,0.9830187713330543,g22
4.53523266816057,0.9824361017597685,g22
4.587844703869033,0.9833861064988221,g22
4.640442773560984,0.9820941000537089,g22
4.69304392051081,0.9812960960729038,g22
4.745654772658552,0.9820560998641468,g22
4.798260890563409,0.9820560998641468,g22
4.8508700857261395,0.9825501023284549,g22
4.903474625550034,0.9822967677313743,g22
4.956084215233007,0.9828541038449523,g22
